Automotive,eetimes.com
Automotive,dealermarketing.com
Automotive,autoinsuresavings.org
Automotive,drivenautos.com
Blogging/SEO/Marketing,bloggingtips.com
Blogging/SEO/Marketing,bloggerspassion.com
Blogging/SEO/Marketing,bloggodown.com
Blogging/SEO/Marketing,millionclues.com
Blogging/SEO/Marketing,blogsolute.com
Blogging/SEO/Marketing,bloggingcage.com
Blogging/SEO/Marketing,blog.kissmetrics.com
Blogging/SEO/Marketing,johnchow.com
Blogging/SEO/Marketing,quickonlinetips.com
Blogging/SEO/Marketing,smartbloggerz.com
Blogging/SEO/Marketing,problogger.net
Blogging/SEO/Marketing,mashable.com
Blogging/SEO/Marketing,searchenginepeople.com